{
  "cards": [
    {
      "id": "pvt_pco_s1",
      "category": "p_vs_t",
      "type": "image",
      "asset": "/assets/kinematics/pvt_pco_s1.png"
    },
    {
      "id": "vvt_pco_s1",
      "category": "v_vs_t",
      "type": "image",
      "asset": "/assets/kinematics/vvt_pco_s1.png"
    },
    {
      "id": "avt_pco_s1",
      "category": "a_vs_t",
      "type": "image",
      "asset": "/assets/kinematics/avt_pco_s1.png"
    },
    {
      "id": "vel_pco_s1",
      "category": "velocity_text",
      "type": "image",
      "asset": "/assets/kinematics/vel_pco_s1.png"
    },
    {
      "id": "acc_pco_s1",
      "category": "acceleration_text",
      "type": "image",
      "asset": "/assets/kinematics/acc_pco_s1.png"
    },
    {
      "id": "mot_pco_s1",
      "category": "motion_diagram",
      "type": "image",
      "asset": "/assets/kinematics/mot_pco_s1.png"
    },
    {
      "id": "fbd_pco_s1",
      "category": "free_body_diagram",
      "type": "image",
      "asset": "/assets/kinematics/fbd_pco_s1.png"
    },

    {
      "id": "pvt_pin_s2",
      "category": "p_vs_t",
      "type": "image",
      "asset": "/assets/kinematics/pvt_pin_s2.png"
    },
    {
      "id": "vvt_pin_s2",
      "category": "v_vs_t",
      "type": "image",
      "asset": "/assets/kinematics/vvt_pin_s2.png"
    },
    {
      "id": "avt_pin_s2",
      "category": "a_vs_t",
      "type": "image",
      "asset": "/assets/kinematics/avt_pin_s2.png"
    },
    {
      "id": "vel_pin_s2",
      "category": "velocity_text",
      "type": "image",
      "asset": "/assets/kinematics/vel_pin_s2.png"
    },
    {
      "id": "acc_pin_s2",
      "category": "acceleration_text",
      "type": "image",
      "asset": "/assets/kinematics/acc_pin_s2.png"
    },
    {
      "id": "mot_pin_s2",
      "category": "motion_diagram",
      "type": "image",
      "asset": "/assets/kinematics/mot_pin_s2.png"
    },
    {
      "id": "fbd_pin_s2",
      "category": "free_body_diagram",
      "type": "image",
      "asset": "/assets/kinematics/fbd_pin_s2.png"
    },

    {
      "id": "pvt_pde_s3",
      "category": "p_vs_t",
      "type": "image",
      "asset": "/assets/kinematics/pvt_pde_s3.png"
    },
    {
      "id": "vvt_pde_s3",
      "category": "v_vs_t",
      "type": "image",
      "asset": "/assets/kinematics/vvt_pde_s3.png"
    },
    {
      "id": "avt_pde_s3",
      "category": "a_vs_t",
      "type": "image",
      "asset": "/assets/kinematics/avt_pde_s3.png"
    },
    {
      "id": "vel_pde_s3",
      "category": "velocity_text",
      "type": "image",
      "asset": "/assets/kinematics/vel_pde_s3.png"
    },
    {
      "id": "acc_pde_s3",
      "category": "acceleration_text",
      "type": "image",
      "asset": "/assets/kinematics/acc_pde_s3.png"
    },
    {
      "id": "mot_pde_s3",
      "category": "motion_diagram",
      "type": "image",
      "asset": "/assets/kinematics/mot_pde_s3.png"
    },
    {
      "id": "fbd_pde_s3",
      "category": "free_body_diagram",
      "type": "image",
      "asset": "/assets/kinematics/fbd_pde_s3.png"
    },

    {
      "id": "pvt_nco_s4",
      "category": "p_vs_t",
      "type": "image",
      "asset": "/assets/kinematics/pvt_nco_s4.png"
    },
    {
      "id": "vvt_nco_s4",
      "category": "v_vs_t",
      "type": "image",
      "asset": "/assets/kinematics/vvt_nco_s4.png"
    },
    {
      "id": "avt_nco_s4",
      "category": "a_vs_t",
      "type": "image",
      "asset": "/assets/kinematics/avt_nco_s4.png"
    },
    {
      "id": "vel_nco_s4",
      "category": "velocity_text",
      "type": "image",
      "asset": "/assets/kinematics/vel_nco_s4.png"
    },
    {
      "id": "acc_nco_s4",
      "category": "acceleration_text",
      "type": "image",
      "asset": "/assets/kinematics/acc_nco_s4.png"
    },
    {
      "id": "mot_nco_s4",
      "category": "motion_diagram",
      "type": "image",
      "asset": "/assets/kinematics/mot_nco_s4.png"
    },
    {
      "id": "fbd_nco_s4",
      "category": "free_body_diagram",
      "type": "image",
      "asset": "/assets/kinematics/fbd_nco_s4.png"
    },

    {
      "id": "pvt_nin_s5",
      "category": "p_vs_t",
      "type": "image",
      "asset": "/assets/kinematics/pvt_nin_s5.png"
    },
    {
      "id": "vvt_nin_s5",
      "category": "v_vs_t",
      "type": "image",
      "asset": "/assets/kinematics/vvt_nin_s5.png"
    },
    {
      "id": "avt_nin_s5",
      "category": "a_vs_t",
      "type": "image",
      "asset": "/assets/kinematics/avt_nin_s5.png"
    },
    {
      "id": "vel_nin_s5",
      "category": "velocity_text",
      "type": "image",
      "asset": "/assets/kinematics/vel_nin_s5.png"
    },
    {
      "id": "acc_nin_s5",
      "category": "acceleration_text",
      "type": "image",
      "asset": "/assets/kinematics/acc_nin_s5.png"
    },
    {
      "id": "mot_nin_s5",
      "category": "motion_diagram",
      "type": "image",
      "asset": "/assets/kinematics/mot_nin_s5.png"
    },
    {
      "id": "fbd_nin_s5",
      "category": "free_body_diagram",
      "type": "image",
      "asset": "/assets/kinematics/fbd_nin_s5.png"
    },

    {
      "id": "pvt_nde_s6",
      "category": "p_vs_t",
      "type": "image",
      "asset": "/assets/kinematics/pvt_nde_s6.png"
    },
    {
      "id": "vvt_nde_s6",
      "category": "v_vs_t",
      "type": "image",
      "asset": "/assets/kinematics/vvt_nde_s6.png"
    },
    {
      "id": "avt_nde_s6",
      "category": "a_vs_t",
      "type": "image",
      "asset": "/assets/kinematics/avt_nde_s6.png"
    },
    {
      "id": "vel_nde_s6",
      "category": "velocity_text",
      "type": "image",
      "asset": "/assets/kinematics/vel_nde_s6.png"
    },
    {
      "id": "acc_nde_s6",
      "category": "acceleration_text",
      "type": "image",
      "asset": "/assets/kinematics/acc_nde_s6.png"
    },
    {
      "id": "mot_nde_s6",
      "category": "motion_diagram",
      "type": "image",
      "asset": "/assets/kinematics/mot_nde_s6.png"
    },
    {
      "id": "fbd_nde_s6",
      "category": "free_body_diagram",
      "type": "image",
      "asset": "/assets/kinematics/fbd_nde_s6.png"
    }
  ]
}
